PACA ENVASE 2 LITROS JH66 X60 UNDS;8854;47059;60
PACA ENVASE LITRO JH66 X 96 UND;7966;49580;96
ENVASE GALON NUTRA                                ;129504;2145;1
PACA ENVASE 1.8 L X 60 UND;4973;47899;60
PACA ENVASE APLICADOR 300 X 144UNDS;3330;56303;144
CUCHARA 130ML NUTRA                               ;315300;380;1
PACA ENVASE GALON REDONDO X 24 UND                ;3247;35294;24
PACA ENVASE GALON CUADRADO LACTEOS X 30 UNDS;2104;43697;30
PACA ENVASE 2 LITROS RECTANGULAR X 60;1932;46218;60
ENVASE GALON BLANCO UPN                           ;45045;1853;1
PACA ENVASE GALON BOCA ANCHA  X 21 UNDS;2092;31092;21
TAPA 110 MM NEGRA                                 ;122200;525;1
ENVASE 8 LITROS NUTRA                             ;9990;4075;1
PACA ENVASE TALCO GRANDE X100UND;535;71429;100
PACA ENVASE PERSONAL X 200 UNDS;780;46218;200
PACA ENVASE LITRO JH66 X 60 UNDS;1065;33613;60
PACA ENVASE LITRO REDONDO X60UND;948;36975;60
PACA ENVASE 2 LITROS REDONDO X 36 UNDS;786;27731;36
PACA ENVASE GALON ACEITERO X 20 UNDS              ;757;28571;20
PACA ENV GALON BLANCO UPN X 45 UNDS               ;265;80172;45
ENVASE AROMAS SANITY 4000ml GALON REF 68562       ;10098;1819;1
PACA ENVASE 2 LITROS ESTRIADO X 60 UND            ;400;40320;60
PACA ENVASE LITRO ASEO X 80 UNDS;443;36134;80
TAPA 115 AZUL NUTRA                               ;23200;677;1
PACA ENVASE APLICADOR X100                        ;389;40336;100
ENVASE 2 LITROS NEGRO NUTRA                       ;10040;1250;1
PACA ENVASE TALCO MEDIANO X 100                   ;204;54622;100
TAPA 115 PLATA NUTRA                              ;16000;677;1
TAPA 110 MM BLANCA                                ;20400;525;1
TAPA 115 NEGRA NUTRA                              ;13000;677;1
PACA ENVASE GALON X7 X 45 UNDS                    ;113;76455;45
PACA ENVASE GALON CUADRADO 150GR X 20             ;243;32773;20
TAPA 110 MM ROJA                                  ;14300;525;1
PACA ENVASE 2 LITROS JH66 X 40 UNDS;255;26891;40
PACA ENVASE 200ML ANDINA X 200 UND                ;100;45400;200
PACA ENVASE NITRO FIT 200ML X 300 UNID;33;126050;300
PACA ENVASE NITRO FIT 200ML X 300UND              ;33;126050;300
PACA ENVASE MEDIO LITRO ASEO X100UNDS             ;129;31933;100
TURBO BEER                                        ;3380;1148;1
ENVASE MEDIO GALON PHYSIS X7 BLANCO               ;3000;1038;1
ENVASE GALON MM                                   ;2190;1420;1
PACA ENVASE 2 LITROS ECO RECTANGULAR X 60;69;44538;60
PACA ENVASE 400GRS X7 X 50                        ;80;33050;50
TAPA 110 NEGRA X7                                 ;5100;515;1
PACA ENVASE SHAMPOO 300ML X 170 UND               ;36;71503;170
PACA ENVASE TALCO PEQUEÑO X 200UND                ;47;54622;200
PACA ENVASE 2 LIBRAS NITROFIIT X 45UND            ;34;61223;45
TAPA 110 FUSCIA X7                                ;3000;575;1
TERMO ESTELAR FIT 690CC                           ;1500;1100;1
ENVASE NITRO LIFE 400                             ;1500;840;1
TAPA ENVASE 400 GR X7                             ;3000;320;1
TAPA NITROFITT 120ML                              ;1530;504;1
PACA ENVASE GALON BOCA ANCHA X 21UNDS S/M         ;21;28571;21
PACA ENVASE LITRO ALPINNA X 100 UNDS;9;55462;100
PACA ENVASE 500 X 100 UND;11;42017;100
PACA ENVASE BOCA ANCHA 400GR X 75 UND             ;4;42857;75
PACA ENVASE 2.5 LITROS RECTANGULAR X 36 UNDS      ;5;30252;36
